Credit Card Number,Expiry Date,Verification Code,PIN,Issueing Network
****-****-****-9527,12/2024,456,1507,JCB
****-****-****-0200,09/2025,789,7989,Visa
****-****-****-6026,09/2026,519,6899,Visa Electron
****-****-****-0710,04/2029,959,7470,Visa
****-****-****-4560,05/2029,704,7483,Visa
****-****-****-6769,07/2029,556,9394,Visa Electron
****-****-****-2050,09/2029,015,0368,Visa
****-****-****-9607,10/2029,840,2292,Visa Electron
****-****-****-2260,10/2029,354,7824,Visa
****-****-****-7480,12/2029,815,9148,RuPay
****-****-****-9028,12/2029,168,9965,MasterCard
